{"cameraMode":{"drawMode":0,"name":"Shaded","section":"Shading Mode"},"sceneLighting":false,"audioPlay":false,"sceneViewState":{"m_AlwaysRefresh":false,"showFog":false,"showSkybox":false,"showFlares":false,"showImageEffects":false,"showParticleSystems":false,"showVisualEffectGraphs":true,"m_FxEnabled":true},"in2DMode":false,"pivot":{"x":0.031801462173461917,"y":0.8385034799575806,"z":0.26064467430114748},"rotation":{"x":0.010154269635677338,"y":-0.5464274287223816,"z":0.0065794955007731918,"w":0.8375031352043152},"size":1.74696946144104,"orthographic":false}