{"cameraMode":{"drawMode":0,"name":"Shaded","section":"Shading Mode"},"sceneLighting":false,"audioPlay":false,"sceneViewState":{"m_AlwaysRefresh":false,"showFog":false,"showSkybox":false,"showFlares":false,"showImageEffects":false,"showParticleSystems":false,"showVisualEffectGraphs":true,"m_FxEnabled":true},"in2DMode":false,"pivot":{"x":-0.005227282643318176,"y":0.8652111887931824,"z":-0.22216391563415528},"rotation":{"x":0.00653251213952899,"y":0.9849264025688171,"z":-0.16866301000118257,"w":0.038139086216688159},"size":1.3752176761627198,"orthographic":false}