{"cameraMode":{"drawMode":0,"name":"Shaded","section":"Shading Mode"},"sceneLighting":false,"audioPlay":false,"sceneViewState":{"m_AlwaysRefresh":false,"showFog":false,"showSkybox":false,"showFlares":false,"showImageEffects":false,"showParticleSystems":false,"showVisualEffectGraphs":true,"m_FxEnabled":true},"in2DMode":false,"pivot":{"x":-0.2737128734588623,"y":0.775874137878418,"z":-0.5855057239532471},"rotation":{"x":0.17161770164966584,"y":-0.0389944389462471,"z":0.0068176365457475189,"w":0.9844247102737427},"size":1.5937297344207764,"orthographic":false}