{"cameraMode":{"drawMode":0,"name":"Shaded","section":"Shading Mode"},"sceneLighting":false,"audioPlay":false,"sceneViewState":{"m_AlwaysRefresh":false,"showFog":true,"showSkybox":false,"showFlares":true,"showImageEffects":true,"showParticleSystems":true,"showVisualEffectGraphs":true,"m_FxEnabled":true},"in2DMode":false,"pivot":{"x":-0.07530000060796738,"y":-0.028720468282699586,"z":0.026813220232725145},"rotation":{"x":-0.11630785465240479,"y":-0.8489654660224915,"z":0.20912280678749085,"w":-0.4714752435684204},"size":0.07361732423305512,"orthographic":false}