{"cameraMode":{"drawMode":0,"name":"Shaded","section":"Shading Mode"},"sceneLighting":false,"audioPlay":false,"sceneViewState":{"m_AlwaysRefresh":false,"showFog":false,"showSkybox":false,"showFlares":false,"showImageEffects":false,"showParticleSystems":false,"showVisualEffectGraphs":true,"m_FxEnabled":true},"in2DMode":false,"pivot":{"x":-0.8442040085792542,"y":0.9340952038764954,"z":0.06375479698181153},"rotation":{"x":0.013236815109848977,"y":-0.9825080037117004,"z":0.07689230144023895,"w":0.16936607658863069},"size":0.90739506483078,"orthographic":false}