{"cameraMode":{"drawMode":0,"name":"Shaded","section":"Shading Mode"},"sceneLighting":false,"audioPlay":false,"sceneViewState":{"m_AlwaysRefresh":false,"showFog":false,"showSkybox":false,"showFlares":false,"showImageEffects":false,"showParticleSystems":false,"showVisualEffectGraphs":true,"m_FxEnabled":true},"in2DMode":false,"pivot":{"x":0.029923781752586366,"y":0.6317657232284546,"z":0.2899426221847534},"rotation":{"x":0.21228057146072389,"y":0.07848601788282395,"z":-0.017082516103982927,"w":0.9739558696746826},"size":1.8073949813842774,"orthographic":false}