{"cameraMode":{"drawMode":0,"name":"Shaded","section":"Shading Mode"},"sceneLighting":false,"audioPlay":false,"sceneViewState":{"m_AlwaysRefresh":false,"showFog":false,"showSkybox":false,"showFlares":false,"showImageEffects":false,"showParticleSystems":false,"showVisualEffectGraphs":true,"m_FxEnabled":true},"in2DMode":false,"pivot":{"x":-0.3538682162761688,"y":0.5122435092926025,"z":-0.24613982439041139},"rotation":{"x":-0.04974265396595001,"y":0.7213863730430603,"z":-0.05210735648870468,"w":-0.6888027191162109},"size":0.9320608973503113,"orthographic":false}