{"cameraMode":{"drawMode":0,"name":"Shaded","section":"Shading Mode"},"sceneLighting":false,"audioPlay":false,"sceneViewState":{"m_AlwaysRefresh":false,"showFog":false,"showSkybox":false,"showFlares":false,"showImageEffects":false,"showParticleSystems":false,"showVisualEffectGraphs":true,"m_FxEnabled":true},"in2DMode":false,"pivot":{"x":-0.03477698192000389,"y":1.3027316331863404,"z":1.0074186325073243},"rotation":{"x":0.02822435274720192,"y":-0.9689177870750427,"z":0.13170456886291505,"w":0.2077360451221466},"size":0.007395029067993164,"orthographic":false}