{"cameraMode":{"drawMode":0,"name":"Shaded","section":"Shading Mode"},"sceneLighting":false,"audioPlay":false,"sceneViewState":{"m_AlwaysRefresh":false,"showFog":false,"showSkybox":false,"showFlares":false,"showImageEffects":false,"showParticleSystems":false,"showVisualEffectGraphs":true,"m_FxEnabled":true},"in2DMode":false,"pivot":{"x":0.0000013113021850585938,"y":0.8880376815795898,"z":0.021865561604499818},"rotation":{"x":-0.12424424290657044,"y":-0.8748348355293274,"z":0.35356688499450686,"w":-0.30727583169937136},"size":1.3302685022354127,"orthographic":false}