{"cameraMode":{"drawMode":0,"name":"Shaded","section":"Shading Mode"},"sceneLighting":false,"audioPlay":false,"sceneViewState":{"m_AlwaysRefresh":false,"showFog":false,"showSkybox":false,"showFlares":false,"showImageEffects":false,"showParticleSystems":false,"showVisualEffectGraphs":true,"m_FxEnabled":true},"in2DMode":false,"pivot":{"x":-0.3010033071041107,"y":0.03838260844349861,"z":0.27776938676834109},"rotation":{"x":-0.006212745793163776,"y":-0.9666337966918945,"z":0.255178302526474,"w":-0.02348841167986393},"size":1.3140013217926026,"orthographic":false}