{"cameraMode":{"drawMode":0,"name":"Shaded","section":"Shading Mode"},"sceneLighting":false,"audioPlay":false,"sceneViewState":{"m_AlwaysRefresh":false,"showFog":true,"showSkybox":false,"showFlares":true,"showImageEffects":true,"showParticleSystems":true,"showVisualEffectGraphs":true,"m_FxEnabled":true},"in2DMode":false,"pivot":{"x":2.1722471714019777,"y":3.906989574432373,"z":2.7794594764709474},"rotation":{"x":-0.09744331240653992,"y":-0.01972937025129795,"z":0.0019237656379118562,"w":-0.9952455163002014},"size":6.990299701690674,"orthographic":false}