{"cameraMode":{"drawMode":0,"name":"Shaded","section":"Shading Mode"},"sceneLighting":false,"audioPlay":false,"sceneViewState":{"m_AlwaysRefresh":false,"showFog":false,"showSkybox":false,"showFlares":false,"showImageEffects":false,"showParticleSystems":false,"showVisualEffectGraphs":true,"m_FxEnabled":true},"in2DMode":false,"pivot":{"x":-0.19093027710914613,"y":1.0908704996109009,"z":-0.036917805671691897},"rotation":{"x":0.1608084738254547,"y":-0.08487549424171448,"z":0.013792627491056919,"w":0.9832891225814819},"size":1.846558928489685,"orthographic":false}