{"cameraMode":{"drawMode":0,"name":"Shaded","section":"Shading Mode"},"sceneLighting":true,"audioPlay":false,"sceneViewState":{"m_AlwaysRefresh":false,"showFog":true,"showSkybox":true,"showFlares":true,"showImageEffects":true,"showParticleSystems":true,"showVisualEffectGraphs":true,"m_FxEnabled":true},"in2DMode":false,"pivot":{"x":-1.6288822889328004,"y":3.4889538288116457,"z":1.4236383438110352},"rotation":{"x":-0.0006735304486937821,"y":-0.9992582201957703,"z":0.03849012404680252,"w":-0.018847830593585969},"size":1.665205717086792,"orthographic":false}