{"cameraMode":{"drawMode":0,"name":"Shaded","section":"Shading Mode"},"sceneLighting":true,"audioPlay":false,"sceneViewState":{"m_AlwaysRefresh":false,"showFog":true,"showSkybox":true,"showFlares":true,"showImageEffects":true,"showParticleSystems":true,"showVisualEffectGraphs":true,"m_FxEnabled":true},"in2DMode":false,"pivot":{"x":-1.9648674726486207,"y":1.24381685256958,"z":-1.776553988456726},"rotation":{"x":0.05076532065868378,"y":0.11004386097192764,"z":-0.005662797950208187,"w":0.9926812648773193},"size":0.6482207179069519,"orthographic":false}