{"cameraMode":{"drawMode":0,"name":"Shaded","section":"Shading Mode"},"sceneLighting":true,"audioPlay":false,"sceneViewState":{"m_AlwaysRefresh":false,"showFog":true,"showSkybox":true,"showFlares":true,"showImageEffects":true,"showParticleSystems":true,"showVisualEffectGraphs":true,"m_FxEnabled":true},"in2DMode":false,"pivot":{"x":3.1258859634399416,"y":0.8584336638450623,"z":-2.3940787315368654},"rotation":{"x":-0.02813844010233879,"y":-0.9691637754440308,"z":0.20816457271575929,"w":-0.13009187579154969},"size":4.428379535675049,"orthographic":false}